title,artist,gen,feeling,,,,
"Hey, Soul Sister",Train,neo mellow,Joyful,,,,
Love The Way You Lie,Eminem,hip hop,Rage,,,,
TiK ToK,Kesha,dance pop,Joyful,,,,
Bad Romance,Lady Gaga,dance pop,Rage,,,,
When I Was Your Man,Bruno Mars,pop,Nostalgia,,,,
Baby,Justin Bieber,pop,Joyful,,,,
Dynamite,Taio Cruz,dance pop,Joyful,,,,
Secrets,OneRepublic,dance pop,Overcoming Fear,,,,
Empire State of Mind (Part II) Broken Down,Alicia Keys,hip hop,Optimism,,,,
Only Girl (In The World),Rihanna,pop,Euforia,,,,
Club Can't Handle Me (feat. David Guetta),Flo Rida,dance pop,Joyful,,,,
Marry You,Bruno Mars,pop,Optimism,,,,
Cooler Than Me - Single Mix,Mike Posner,dance pop,Rage,,,,
Telephone,Lady Gaga,dance pop,Optimism,,,,
Like A G6,Far East Movement,dance pop,Euforia,,,,
OMG (feat. will.i.am),Usher,hip hop,Euforia,,,,
Eenie Meenie,Sean Kingston,dance pop,Joyful,,,,
The Time (Dirty Bit),The Black Eyed Peas,dance pop,Joyful,,,,
Alejandro,Lady Gaga,dance pop,Nostalgia,,,,
Your Love Is My Drug,Kesha,dance pop,Euforia,,,,
Meet Me Halfway,The Black Eyed Peas,dance pop,Optimism,,,,
Whataya Want from Me,Adam Lambert,pop,Overcoming Fear,,,,
Take It Off,Kesha,dance pop,Joyful,,,,
Misery,Maroon 5,pop,Defeat,,,,
All The Right Moves,OneRepublic,dance pop,Overcoming Fear,,,,
Animal,Neon Trees,indie pop,Euforia,,,,
Naturally,Selena Gomez & The Scene,dance pop,Optimism,,,,
I Like It,Enrique Iglesias,dance pop,Joyful,,,,
Teenage Dream,Katy Perry,dance pop,Joyful,,,,
California Gurls,Katy Perry,dance pop,Joyful,,,,
3,Britney Spears,dance pop,Euforia,,,,
My First Kiss - feat. Ke$ha,3OH!3,dance pop,Euforia,,,,
Blah Blah Blah (feat. 3OH!3),Kesha,dance pop,Defeat,,,,
Imma Be,The Black Eyed Peas,dance pop,Optimism,,,,
Try Sleeping with a Broken Heart,Alicia Keys,hip hop,Nostalgia,,,,
Sexy Bitch (feat. Akon),David Guetta,dance pop,Euforia,,,,
Bound To You - Burlesque Original Motion Picture Soundtrack,Christina Aguilera,dance pop,Nostalgia,,,,
If I Had You,Adam Lambert,pop,Euforia,,,,
Rock That Body,The Black Eyed Peas,dance pop,Joyful,,,,
Dog Days Are Over,Florence + The Machine,pop,Optimism,,,,
Something's Got A Hold On Me - Burlesque Original Motion Picture Soundtrack,Christina Aguilera,dance pop,Euforia,,,,
Doesn't Mean Anything,Alicia Keys,hip hop,Nostalgia,,,,
Hard,Rihanna,pop,Optimism,,,,
Loca,Shakira,pop,Joyful,,,,
You Lost Me,Christina Aguilera,dance pop,Nostalgia,,,,
Not Myself Tonight,Christina Aguilera,dance pop,Euforia,,,,
Written in the Stars (feat. Eric Turner),Tinie Tempah,dance pop,Optimism,,,,
DJ Got Us Fallin' In Love (feat. Pitbull),Usher,hip hop,Joyful,,,,
Castle Walls (feat. Christina Aguilera),T.I.,hip hop,Nostalgia,,,,
Break Your Heart,Taio Cruz,dance pop,Optimism,,,,
Hello,Martin Solveig,electro house,Joyful,,,,
A Thousand Years,Christina Perri,dance pop,Nostalgia,,,,
Someone Like You,Adele,soul,Nostalgia,,,,
Give Me Everything,Pitbull,dance pop,Joyful,,,,
Just the Way You Are,Bruno Mars,pop,Joyful,,,,
Rolling in the Deep,Adele,soul,Nostalgia,,,,
Run the World (Girls),Beyonce,dance pop,Joyful,,,,
Moves Like Jagger - Studio Recording From The Voice Performance,Maroon 5,pop,Joyful,,,,
Love On Top,Beyonce,dance pop,Optimism,,,,
Grenade,Bruno Mars,pop,Nostalgia,,,,
Tonight Tonight,Hot Chelle Rae,dance pop,Euforia,,,,
What the Hell,Avril Lavigne,pop,Optimism,,,,
Born This Way,Lady Gaga,dance pop,Joyful,,,,
Monster,Kanye West,rap,Joyful,,,,
Marry You,Bruno Mars,pop,Optimism,,,,
Guiding Lights,"Earth, Wind, and Fire",funk,Optimism,,,,
Party Rock Anthem,LMFAO,dance pop,Euforia,,,,
Can´t Stop,Red Hot Chilli Peppers,funk,Rage,,,,
Price Tag,Jessie J,pop,Joyful,,,,
Redbone,Childish Gambino,funk,Overcoming Fear,,,,
Just Can't Get Enough,The Black Eyed Peas,dance pop,Joyful,,,,
On The Floor,Jennifer Lopez,dance pop,Joyful,,,,
Inertia,Mac Miller,hip hop,Rage,,,,
Lost Ones,J. Cole,hip hop,Defeat,,,,
Without You (feat. Usher),David Guetta,dance pop,Joyful,,,,
Sexy And I Know It,LMFAO,dance pop,Joyful,,,,
The Edge Of Glory,Lady Gaga,dance pop,Optimism,,,,
Stronger,Kanye West,hip hop,Optimism,,,,
Bulls on Parade,Rage Against The Machine,rock,Rage,,,,
Self Care,Mac Miller,hip hop,Chill,,,,
Blow,Kesha,dance pop,Joyful,,,,
Fake Plastic Trees,Radiohead,indie pop,Defeat,,,,
Judas,Lady Gaga,dance pop,Defeat,,,,
No One Knows,Queens of the Stone Age,indie,Rage,,,,
Bodies,Drowning Pool,rock,Rage,,,,
We Found Love,Rihanna,pop,Joyful,,,,
Da Tweekaz,Wodka,hardstyle,Joyful,,,,
Frontliner,Symbols,hardstyle,Joyful,,,,
Atmosfearz,Release,hardstyle,Euforia,,,,
Are You Gonna Be My Girl,Jet,rock,Euforia,,,,
Wildstylez,Timeless,hardstyle,Euforia,,,,
Best of You,Foo Fighters,rock,Optimism,,,,
Not Afraid,Eminem,hip hop,Overcoming Fear,,,,
Mask Off,Future,hip hop,Euforia,,,,
Jar of Hearts,Christina Perri,dance pop,Nostalgia,,,,
Castle Walls (feat. Christina Aguilera),T.I.,hip hop,Defeat,,,,
Everlong,Foo Fighters,rock,Chill,,,,
Super Bass,Nicki Minaj,dance pop,Joyful,,,,
Raise Your Glass,P!nk,dance pop,Joyful,,,,
Under the Bridge,Red Hot Chilli Peppers,rock,Nostalgia,,,,
Moment 4 Life - Album Version (ft. Drake),Nicki Minaj,dance pop,Optimism,,,,
Last Friday Night (T.G.I.F.),Katy Perry,dance pop,Joyful,,,,
Firework,Katy Perry,dance pop,Joyful,,,,
Muny - Album Version (Edited),Nicki Minaj,dance pop,Joyful,,,,
Titanium (feat. Sia),David Guetta,dance pop,Joyful,,,,
Locked Out of Heaven,Bruno Mars,pop,Joyful,,,,
Adventure of a Lifetime,Coldplay,rock,Joyful,,,,
Payphone,Maroon 5,pop,Nostalgia,,,,
What Makes You Beautiful,One Direction,pop,Joyful,,,,
I Knew You Were Trouble.,Taylor Swift,pop,Defeat,,,,
Call Me Maybe,Carly Rae Jepsen,pop,Joyful,,,,
Love You Like A Love Song,Selena Gomez & The Scene,dance pop,Chill,,,,
Set Fire to the Rain,Adele,soul,Rage,,,,
Willow,Taylor Swift,pop,Joyful,,,,
Paper Rings,Taylor Swift,pop,Joyful,,,,
Try,P!nk,dance pop,Optimism,,,,
Starships,Nicki Minaj,dance pop,Joyful,,,,
One More Night,Maroon 5,pop,Rage,,,,
Good Time,Owl City,pop,Joyful,,,,
Glad You Came,The Wanted,pop,Joyful,,,,
Beauty And A Beat,Justin Bieber,pop,Joyful,,,,
International Love,Pitbull,dance pop,Joyful,,,,
Thinkin Bout You,Frank Ocean,hip hop,Chill,,,,
Boyfriend,Justin Bieber,pop,Joyful,,,,
Part Of Me,Katy Perry,dance pop,Euforia,,,,
Domino,Jessie J,pop,Joyful,,,,
Where Have You Been,Rihanna,pop,Joyful,,,,
Wide Awake,Katy Perry,dance pop,Optimism,,,,
The One That Got Away,Katy Perry,dance pop,Nostalgia,,,,
Dance Again,Jennifer Lopez,dance pop,Joyful,,,,
Turn Up the Music,Chris Brown,dance pop,Joyful,,,,
Mr. Brightside,The Killers,rock,Joyful,,,,
We Are Young (feat. Janelle Mon醗),fun.,pop,Joyful,,,,
Diamonds,Rihanna,pop,Joyful,,,,
Don't Stop the Party (feat. TJR),Pitbull,dance pop,Joyful,,,,
You Da One,Rihanna,pop,Joyful,,,,
Stereo Hearts (feat. Adam Levine),Gym Class Heroes,dance pop,Joyful,,,,
It Will Rain,Bruno Mars,pop,Nostalgia,,,,
Float On,Modest Mouse,indie,Joyful,,,,
Smells Like Teen Spirit,Nirvana,alternative rock:rock,Rage,,,,
Wake Me Up,Avicii,electro house,Euforia,,,,
Story of My Life,One Direction,pop,Nostalgia,,,,
Just Give Me a Reason (feat. Nate Ruess),P!nk,dance pop,Nostalgia,,,,
Hall of Fame,The Script,rock,Optimism,,,,
Need To Know,Doja Cat,r&b,Joyful,,,,
We Can't Stop,Miley Cyrus,dance pop,Joyful,,,,
Don't You Worry Child - Radio Edit,Swedish House Mafia,electro house,Joyful,,,,
Get Lucky (feat. Pharrell Williams & Nile Rodgers) - Radio Edit,Daft Punk,electro,Joyful,,,,
Wrecking Ball,Miley Cyrus,dance pop,Nostalgia,,,,
Impossible,James Arthur,pop,Nostalgia,,,,
Time to Pretend,MGMT,dance pop,Euforia,,,,
Heart Attack,Demi Lovato,dance pop,Defeat,,,,
We Are Never Ever Getting Back Together,Taylor Swift,pop,Optimism,,,,
Die Young,Kesha,dance pop,Defeat,,,,
Clarity,Zedd,electro house,Optimism,,,,
Summertime Sadness (Lana Del Rey Vs. Cedric Gervais) - Cedric Gervais Remix,Lana Del Rey,pop,Nostalgia,,,,
Under Control,Calvin Harris,dance pop,Joyful,,,,
Canta Corazón,Alejandro Fernández,ballad,Overcoming Fear,,,,
"Hold On, We're Going Home",Drake,hip hop,Chill,,,,
Best Song Ever,One Direction,pop,Joyful,,,,
Kiss You,One Direction,pop,Joyful,,,,
How to Save a Life,The Fray,ballad,Nostalgia,,,,
Lose Yourself to Dance,Daft Punk,electro,Joyful,,,,
Work Bitch,Britney Spears,dance pop,Joyful,,,,
You're Beautiful,James Blunt,ballad,Nostalgia,,,,
Can't Hold Us (feat. Ray Dalton),Macklemore & Ryan Lewis,dance pop,Optimism,,,,
Feel This Moment (feat. Christina Aguilera),Pitbull,dance pop,Joyful,,,,
Beneath Your Beautiful,Labrinth,pop,Optimism,,,,
Let Me Love You (Until You Learn To Love Yourself),Ne-Yo,dance pop,Joyful,,,,
Thrift Shop (feat. Wanz),Macklemore & Ryan Lewis,dance pop,Joyful,,,,
If I Lose Myself - Alesso vs OneRepublic,OneRepublic,dance pop,Joyful,,,,
The Way,Ariana Grande,dance pop,Joyful,,,,
Chasing Cars,Snow Patrol,ballad,Nostalgia,,,,
#thatPOWER,will.i.am,dance pop,Joyful,,,,
I Love It (feat. Charli XCX),Icona Pop,dance pop,Joyful,,,,
Play Hard (feat. Ne-Yo & Akon) - New Edit,David Guetta,dance pop,Joyful,,,,
Daylight,Maroon 5,pop,Nostalgia,,,,
Love Somebody,Maroon 5,pop,Nostalgia,,,,
A Little Party Never Killed Nobody (All We Got),Fergie,dance pop,Joyful,,,,
Daughters,John Mayer,ballad,Nostalgia,,,,
Walks Like Rihanna,The Wanted,pop,Joyful,,,,
Rock N Roll,Avril Lavigne,pop,Optimism,,,,
Si No Te Hubieras Ido,Marco Antonio Solis,ballad,Defeat,,,,
Mirrors ,Justin Timberlake,pop:r&b,Nostalgia,,,,
Yo no me doy por Vencido,Luis Fonsi,ballad,Overcoming Fear,,,,
Made In The USA,Demi Lovato,dance pop,Joyful,,,,
Hurt,Christina Aguilera,ballad,Defeat,,,,
Girl On Fire ,Alicia Keys,soul,Optimism,,,,
Gravity,John Mayer,ballad,Chill,,,,
Come & Get It,Selena Gomez,dance pop,Nostalgia,,,,
Put it All On Me (ft. Ella Mai),Ed Sheeran,ballad,Chill,,,,
We Own The Night,The Wanted,pop,Joyful,,,,
Atlas - From The Hunger Games: Catching Fire?Soundtrack,Coldplay,pop rock,Optimism,,,,
What About Love,Austin Mahone,dance pop,Joyful,,,,
Take Back the Night,Justin Timberlake,pop:r&b,Joyful,,,,
Applause,Lady Gaga,dance pop,Optimism,,,,
Anything Could Happen,Ellie Goulding,dance pop,Joyful,,,,
Finally Found You,Enrique Iglesias,dance pop,Optimism,,,,
Pom Poms,Jonas Brothers,pop,Joyful,,,,
#Beautiful,Mariah Carey,dance pop,Joyful,,,,
How Ya Doin'? (feat. Missy Elliott),Little Mix,dance pop,Joyful,,,,
Crazy Kids (feat. will.i.am),Kesha,dance pop,Joyful,,,,
Level Up,Ciara,r&b,Euforia,,,,
People Like Us,Kelly Clarkson,dance pop,Overcoming Fear,,,,
Overdose,Ciara,dance pop,Joyful,,,,
Right Now - Dyro Radio Edit,Rihanna,pop,Joyful,,,,
Give It 2 U (ft. Kendrick Lamar),Robin Thicke,dance pop,Joyful,,,,
Foolish Games,Jewel,pop,Defeat,,,,
Outta Nowhere (feat. Danny Mercer),Pitbull,dance pop,Overcoming Fear,,,,
Finesse,Drake,r&b,Chill,,,,
All of Me,John Legend,neo mellow,Nostalgia,,,,
Stay With Me,Sam Smith,pop,Nostalgia,,,,
Summer,Calvin Harris,dance pop,Joyful,,,,
"Happy - From ""Despicable Me 2""",Pharrell Williams,dance pop,Joyful,,,,
Rude,MAGIC!,pop,Joyful,,,,
Shake It Off,Taylor Swift,pop,Joyful,,,,
America Has a Problem,Beyonce,r&b,Rage,,,,
Hey Brother,Avicii,electro house,Nostalgia,,,,
Maps,Maroon 5,pop,Nostalgia,,,,
Treasure,Bruno Mars,pop,Joyful,,,,
Let Her Go,Passenger,folk-pop,Nostalgia,,,,
Problem,Ariana Grande,dance pop,Joyful,,,,
Pompeii,Bastille,synth pop,Nostalgia,,,,
Team,Lorde,pop,Rage,,,,
Love Me Again,John Newman,pop,Joyful,,,,
Latch,Disclosure,house,Joyful,,,,
Adore You,Miley Cyrus,dance pop,Nostalgia,,,,
Love Never Felt So Good,Michael Jackson,pop,Joyful,,,,
Burn,Ellie Goulding,dance pop,Joyful,,,,
She Looks So Perfect,5 Seconds of Summer,pop,Joyful,,,,
Fancy,Iggy Azalea,hip hop,Joyful,,,,
Talk Dirty (feat. 2 Chainz),Jason Derulo,dance pop,Joyful,,,,
Gorilla,Bruno Mars,pop,Chill,,,,
Human,Christina Perri,dance pop,Defeat,,,,
Heaven,Niall Horan,pop,Joyful,,,,
Wiggle (feat. Snoop Dogg),Jason Derulo,dance pop,Joyful,,,,
Love Runs Out,OneRepublic,dance pop,Rage,,,,
This Is How We Do,Katy Perry,dance pop,Joyful,,,,
Mmm Yeah (feat. Pitbull),Austin Mahone,dance pop,Joyful,,,,
A Little Party Never Killed Nobody (All We Got),Fergie,dance pop,Joyful,,,,
#SELFIE,The Chainsmokers,electropop,Joyful,,,,
Partition,Beyonce,dance pop,Rage,,,,
Birthday,Katy Perry,dance pop,Joyful,,,,
G.U.Y.,Lady Gaga,dance pop,Joyful,,,,
Stay The Night - Featuring Hayley Williams Of Paramore,Zedd,electro house,Joyful,,,,
Level of Concern,Twenty One Pilots,pop rock,Optimism,,,,
Wings,Birdy,neo mellow,Nostalgia,,,,
Can't Remember to Forget You (feat. Rihanna),Shakira,pop,Optimism,,,,
Shot Me Down (feat. Skylar Grey) - Radio Edit,David Guetta,dance pop,Joyful,,,,
Say Something,A Great Big World,neo mellow,Nostalgia,,,,
A Sky Full of Stars,Coldplay,pop,Joyful,,,,
Si Te Vas,Reik,ballad,Nostalgia,,,,
Chandelier,Sia,pop,Rage,,,,
Formation,Beyoncé,r&b,Joyful,,,,
We Are One (Ole Ola) [The Official 2014 FIFA World Cup Song],Pitbull,dance pop,Joyful,,,,
Not About Angels,Birdy,neo mellow,Nostalgia,,,,
Drunk in Love,Beyonce,dance pop,Joyful,,,,
Anaconda,Nicki Minaj,dance pop,Joyful,,,,
Boom Clap - From the Motion Picture Das Schicksal ist ein mieser Verr鋞er,Charli XCX,pop,Joyful,,,,
La La La (Brasil 2014) (feat. Carlinhos Brown),Shakira,pop,Joyful,,,,
Tee Shirt - Soundtrack Version,Birdy,neo mellow,Nostalgia,,,,
Words as Weapons,Birdy,neo mellow,Nostalgia,,,,
You're Mine (Eternal),Mariah Carey,dance pop,Optimism,,,,
All the Stars (ft. SZA),Kendrick Lamar,r&b,Optimism,,,,
Middle Ground,Maroon 5,pop,Optimism,,,,
Wish You The Best,Lewis Capaldi,pop,Nostalgia,,,,
I Fall Apart,Post Malone,alternative r&b,Nostalgia,,,,
Renee's Song,Bazzi,pop,Chill,,,,
Thinking out Loud,Ed Sheeran,pop,Chill,,,,
I'm Not The Only One,Sam Smith,pop,Nostalgia,,,,
The Hills,The Weeknd,r&b,Rage,,,,
Watch,Billie Eilish,pop,Defeat,,,,
Uptown Funk,Mark Ronson,dance pop,Joyful,,,,
Take Me To Church,Hozier,indie rock,Rage,,,,
Leave Before You Love Me (ft. Marshmello),Jonas Brothers,pop,Nostalgia,,,,
Sorry,Justin Bieber,pop,Joyful,,,,
FourFiveSeconds,Rihanna,ballad,Nostalgia,,,,
"Love Me Like You Do - From ""Fifty Shades Of Grey""",Ellie Goulding,dance pop,Euforia,,,,
"Earned It (Fifty Shades Of Grey) - From The ""Fifty Shades Of Grey"" Soundtrack",The Weeknd,r&b,Euforia,,,,
Chemical,Post Malone,pop rock,Nostalgia,,,,
Stitches,Shawn Mendes,pop,Rage,,,,
Want to Want Me,Jason Derulo,dance pop,Joyful,,,,
My House,Flo Rida,dance pop,Joyful,,,,
Waves - Robin Schulz Radio Edit,Mr. Probz,tropical house,Joyful,,,,
Night Changes,One Direction,pop,Nostalgia,,,,
How Deep Is Your Love,Calvin Harris,dance pop,Joyful,,,,
Never Forget You,Zara Larsson,dance pop,Nostalgia,,,,
Love Me Harder,Ariana Grande,dance pop,Joyful,,,,
Animals,Maroon 5,pop,Rage,,,,
Blame,Calvin Harris,dance pop,Joyful,,,,
Worth It,Fifth Harmony,dance pop,Joyful,,,,
Break Free,Ariana Grande,dance pop,Optimism,,,,
Viernes 13,Marcos Menchaca,latin:pop,Chill,,,,
Homerun (Intro),Paulo Londra,latin:trap,Chill,,,,
Rather Be (feat. Jess Glynne),Clean Bandit,dance pop,Joyful,,,,
Hello,Adele,soul,Nostalgia,,,,
Dear Future Husband,Meghan Trainor,dance pop,Joyful,,,,
The Heart Wants What It Wants,Selena Gomez,dance pop,Defeat,,,,
"Hey Mama (feat. Nicki Minaj, Bebe Rexha & Afrojack)",David Guetta,dance pop,Joyful,,,,
Genie In a Bottle,Christina Aguilera,dance pop,Optimism,,,,
Company,Justin Bieber,pop,Joyful,,,,
Sing,Ed Sheeran,pop,Joyful,,,,
Jealous - Remix,Nick Jonas,dance pop,Joyful,,,,
Really Don't Care,Demi Lovato,dance pop,Optimism,,,,
Only Love Can Hurt Like This,Paloma Faith,soul,Nostalgia,,,,
La La La (ft. Sam Smith),Naughty Boy,r&b:dance pop,Optimism,,,,
Same Old Love,Selena Gomez,dance pop,Rage,,,,
I Want You To Know,Zedd,electro house,Joyful,,,,
Lips Are Movin,Meghan Trainor,dance pop,Joyful,,,,
I'll Show You,Justin Bieber,pop,Overcoming Fear,,,,
Beauty and a Beat (ft. Nicki Minaj),Justin Bieber,dance pop,Joyful,,,,
I Lived,OneRepublic,dance pop,Joyful,,,,
Fireball (feat. John Ryan),Pitbull,dance pop,Joyful,,,,
I Really Like You,Carly Rae Jepsen,pop,Optimism,,,,
BO$$,Fifth Harmony,dance pop,Joyful,,,,
Sugar,Maroon 5,pop,Joyful,,,,
Focus,Ariana Grande,dance pop,Joyful,,,,
All About That Bass,Meghan Trainor,dance pop,Joyful,,,,
On My Mind,Ellie Goulding,dance pop,Rage,,,,
Love Me Like You,Little Mix,dance pop,Defeat,,,,
Mark My Words,Justin Bieber,pop,Overcoming Fear,,,,
Lay It All on Me,Rudimental,dance pop,Overcoming Fear,,,,
American Oxygen,Rihanna,pop,Chill,,,,
Bang Bang,Jessie J,pop,Joyful,,,,
Reality - Radio Edit,Lost Frequencies,electro house,Chill,,,,
Prayer in C - Robin Schulz Radio Edit,Lilly Wood and The Prick,indie pop,Chill,,,,
See You Again (feat. Charlie Puth),Wiz Khalifa,hip hop,Nostalgia,,,,
Heroes (we could be),Alesso,electro house,Euforia,,,,
Perfect,One Direction,pop,Joyful,,,,
Steal My Girl,One Direction,pop,Nostalgia,,,,
"Celebrate (From the Original Motion Picture ""Penguins of Madagascar"")",Pitbull,dance pop,Joyful,,,,
We Are Here,Alicia Keys,hip hop,Optimism,,,,
St Jude,Florence + The Machine,pop,Defeat,,,,
Yesterday (feat. Bebe Rexha),David Guetta,dance pop,Overcoming Fear,,,,
Time of Our Lives,Pitbull,dance pop,Euforia,,,,
Japanese Denim,Daniel Ceasar,r&b,Chill,,,,
Mr. Put It Down,Ricky Martin,dance pop,Joyful,,,,
Harleys in Hawaii,Katy Perry,dance pop,Joyful,,,,
Let Me Be Your Lover,Enrique Iglesias,dance pop,Joyful,,,,
Let's Get Loud,Jennifer Lopez,dance pop,Joyful,,,,
The Hills,The Weeknd,r&b,Rage,,,,
Cake By The Ocean,DNCE,dance pop,Joyful,,,,
Don't Let Me Down,The Chainsmokers,electropop,Optimism,,,,
Million Reasons,Lady Gaga,dance pop,Optimism,,,,
Needed Me,Rihanna,pop,Defeat,,,,
7 Years,Lukas Graham,pop,Nostalgia,,,,
"CAN'T STOP THE FEELING! (Original Song from DreamWorks Animation's ""TROLLS"")",Justin Timberlake,dance pop,Joyful,,,,
Work from Home (feat. Ty Dolla $ign),Fifth Harmony,dance pop,Optimism,,,,
Scars To Your Beautiful,Alessia Cara,r&b,Optimism,,,,
Like I'm Gonna Lose You (feat. John Legend),Meghan Trainor,dance pop,Optimism,,,,
Work,Rihanna,pop,Joyful,,,,
Stitches,Shawn Mendes,pop,Rage,,,,
"Me, Myself & I",G-Eazy,hip hop,Optimism,,,,
I Took A Pill In Ibiza - Seeb Remix,Mike Posner,dance pop,Defeat,,,,
Dangerous Woman,Ariana Grande,dance pop,Rage,,,,
Starving,Hailee Steinfeld,dance pop,Euforia,,,,
Shout Out to My Ex,Little Mix,dance pop,Optimism,,,,
Electric Love,B0NS,electropop,Euforia,,,,
Confident,Demi Lovato,dance pop,Optimism,,,,
Too Good,Drake,hip hop,Rage,,,,
Roses,The Chainsmokers,electropop,Optimism,,,,
Cold Water (feat. Justin Bieber & M?,Major Lazer,dance pop,Optimism,,,,
Me Too,Meghan Trainor,dance pop,Joyful,,,,
Light It Up (feat. Nyla & Fuse ODG) [Remix],Major Lazer,dance pop,Joyful,,,,
Ain't Your Mama,Jennifer Lopez,dance pop,Optimism,,,,
Close,Nick Jonas,dance pop,Joyful,,,,
Toothbrush,DNCE,dance pop,Joyful,,,,
All We Know,The Chainsmokers,electropop,Defeat,,,,
Final Song,M0,dance pop,Optimism,,,,
Life is Worth Living,Justin Bieber,pop,Nostalgia,,,,
Hands To Myself,Selena Gomez,dance pop,Joyful,,,,
All I Ask,Adele,soul,Optimism,,,,
"Just Like Fire (From the Original Motion Picture ""Alice Through The Looking Glass"")",P!nk,dance pop,Optimism,,,,
NO,Meghan Trainor,dance pop,Rage,,,,
Kill Em With Kindness,Selena Gomez,dance pop,Rage,,,,
Habits (Stay High),Tove Lo,dance pop,Defeat,,,,
Perfect Illusion,Lady Gaga,dance pop,Defeat,,,,
PILLOWTALK,ZAYN,dance pop,Rage,,,,
Out Of The Woods,Taylor Swift,pop,Euforia,,,,
Rise,Katy Perry,dance pop,Overcoming Fear,,,,
Wherever I Go,OneRepublic,dance pop,Defeat,,,,
Body Say,Demi Lovato,dance pop,Joyful,,,,
Don't Be A Fool,Shawn Mendes,pop,Rage,,,,
LIKE I WOULD,ZAYN,dance pop,Rage,,,,
Cheap Thrills,Sia,dance pop,Optimism,,,,
Cruel (feat. ZAYN),Snakehips,dance pop,Rage,,,,
Send My Love (To Your New Lover),Adele,soul,Nostalgia,,,,
WTF (Where They From),Missy Elliott,dance pop,Rage,,,,
Desire,Years & Years,dance pop,Joyful,,,,
When We Were Young,Adele,soul,Nostalgia,,,,
I Know What You Did Last Summer,Shawn Mendes,pop,Rage,,,,
Hurts,Emeli Sande,dance pop,Defeat,,,,
Change,Christina Aguilera,dance pop,Optimism,,,,
Make Me... (feat. G-Eazy),Britney Spears,dance pop,Rage,,,,
Keeping Your Head Up,Birdy,neo mellow,Optimism,,,,
True Colors,Zedd,electro house,Joyful,,,,
Make Me Like You,Gwen Stefani,dance pop,Defeat,,,,
Champagne Problems,Taylor Swift,dance pop,Nostalgia,,,,
Blown,DNCE,dance pop,Joyful,,,,
Start,John Legend,neo mellow,Nostalgia,,,,
Pep Rally,Missy Elliott,dance pop,Joyful,,,,
Higher,Carly Rae Jepsen,pop,Joyful,,,,
One Call Away (feat. Tyga) - Remix,Charlie Puth,dance pop,Nostalgia,,,,
Little Lies,Hilary Duff,dance pop,Defeat,,,,
Do You Wanna Come Over?,Britney Spears,dance pop,Joyful,,,,
BURNITUP!,Janet Jackson,dance pop,Joyful,,,,
Picky - Remix,Joey Montana,latin:reggaeton,Joyful,,,,
Behind Your Back,Nelly Furtado,pop,Chill,,,,
Million Years Ago,Adele,soul,Nostalgia,,,,
Shape of You,Ed Sheeran,pop,Joyful,,,,
Closer,The Chainsmokers,electropop,Joyful,,,,
Starboy,The Weeknd,r&b,Overcoming Fear,,,,
Treat You Better,Shawn Mendes,pop,Optimism,,,,
That's What I Like,Bruno Mars,pop,Joyful,,,,
Let Me Love You,DJ Snake,electronic trap,Joyful,,,,
I Feel It Coming,The Weeknd,r&b,Joyful,,,,
Mercy,Shawn Mendes,pop,Defeat,,,,
Side To Side,Ariana Grande,dance pop,Joyful,,,,
Stay,Zedd,electro house,Nostalgia,,,,
It Ain't Me (with Selena Gomez),Kygo,electropop,Defeat,,,,
Malibu,Miley Cyrus,dance pop,Optimism,,,,
Something Just Like This,The Chainsmokers,electropop,Nostalgia,,,,
Rockabye (feat. Sean Paul & Anne-Marie),Clean Bandit,dance pop,Optimism,,,,
I Don抰 Wanna Live Forever (Fifty Shades Darker),ZAYN,dance pop,Optimism,,,,
My Way,Calvin Harris,dance pop,Optimism,,,,
"I'm the One (feat. Justin Bieber, Quavo, Chance the Rapper & Lil Wayne)",DJ Khaled,dance pop,Joyful,,,,
Praying,Kesha,dance pop,Overcoming Fear,,,,
Despacito - Remix,Luis Fonsi,latin:reggaeton,Joyful,,,,
The Greatest,Sia,dance pop,Joyful,,,,
There for You,Martin Garrix,electro house,Optimism,,,,
Paris,The Chainsmokers,electropop,Nostalgia,,,,
Crying in the Club,Camila Cabello,dance pop,Defeat,,,,
Mama,Jonas Blue,dance pop,Optimism,,,,
Slide (feat. Frank Ocean & Migos),Calvin Harris,dance pop,Joyful,,,,
Love,Lana Del Rey,pop,Nostalgia,,,,
All I Ask,Adele,soul,Defeat,,,,
First Time,Kygo,electropop,Nostalgia,,,,
The Cure,Lady Gaga,dance pop,Euforia,,,,
"How Far I'll Go - From ""Moana""",Alessia Cara,r&b,Optimism,,,,
Bodak Yellow,Cardi B,pop,Optimism,,,,
Rich Love (with Seeb),OneRepublic,dance pop,Joyful,,,,
Tired,Alan Walker,electro house,Defeat,,,,
Came Here for Love,Sigala,dance pop,Optimism,,,,
24K Magic,Bruno Mars,pop,Joyful,,,,
Strip That Down (feat. Quavo),Liam Payne,dance pop,Joyful,,,,
Cut To The Feeling,Carly Rae Jepsen,pop,Optimism,,,,
OK - Spotify Version,Robin Schulz,dance pop,Defeat,,,,
Bon app閠it,Katy Perry,dance pop,Joyful,,,,
Summer Bummer (feat. A$AP Rocky & Playboi Carti),Lana Del Rey,pop,Rage,,,,
Get Low (with Liam Payne),Zedd,electro house,Joyful,,,,
Kissing Strangers,DNCE,dance pop,Joyful,,,,
Slow Hands,Niall Horan,dance pop,Optimism,,,,
Touch (feat. Kid Ink),Little Mix,dance pop,Joyful,,,,
We Don't Talk Anymore - DROELOE Remix,Charlie Puth,dance pop,Defeat,,,,
Love Incredible (feat. Camila Cabello),Cashmere Cat,r&b:pop,Optimism,,,,
No Vacancy (with Sebasti醤 Yatra),OneRepublic,dance pop,Optimism,,,,
Rich Boy,Galantis,electro house,Optimism,,,,
Lust for Life (with The Weeknd),Lana Del Rey,pop,Euforia,,,,
Greenlight (feat. Flo Rida & LunchMoney Lewis),Pitbull,dance pop,Joyful,,,,
Talking Body ,Tove Lo,dance pop,Joyful,,,,
Remember I Told You,Nick Jonas,dance pop,Rage,,,,
Messin' Around,Pitbull,dance pop,Joyful,,,,
Water Under the Bridge,Adele,soul,Defeat,,,,
Free Me,Sia,dance pop,Overcoming Fear,,,,
Jumpsuit,Twenty One Pilots,alternative rock,Optimism,,,,
Paradise,Coldplay,alternative rock,Euforia,,,,
One Kiss (with Dua Lipa),Calvin Harris,dance pop,Joyful,,,,
Havana (feat. Young Thug),Camila Cabello,dance pop,Joyful,,,,
Money,Cardi B,pop,Joyful,,,,
New Rules,Dua Lipa,dance pop,Optimism,,,,
There's Nothing Holdin' Me Back,Shawn Mendes,pop,Optimism,,,,
no tears left to cry,Ariana Grande,dance pop,Optimism,,,,
IDGAF,Dua Lipa,dance pop,Optimism,,,,
In My Blood,Shawn Mendes,pop,Defeat,,,,
Wolves,Selena Gomez,dance pop,Joyful,,,,
Dusk Till Dawn - Radio Edit,ZAYN,dance pop,Optimism,,,,
Attention,Charlie Puth,dance pop,Rage,,,,
Electricity (with Dua Lipa),Silk City,electropop,Joyful,,,,
Love On The Brain,Rihanna,pop,Euforia,,,,
"Let Me Go (with Alesso, Florida Georgia Line & watt)",Hailee Steinfeld,dance pop,Defeat,,,,
Silence,Marshmello,dance pop,Overcoming Fear,,,,
Sorry Not Sorry,Demi Lovato,dance pop,Optimism,,,,
Shallow - Radio Edit,Lady Gaga,dance pop,Optimism,,,,
Pepas,Farruko,latin:urban,Euforia,,,,
What Lovers Do (feat. SZA),Maroon 5,pop,Joyful,,,,
Finesse - Remix; feat. Cardi B,Bruno Mars,pop,Joyful,,,,
Perfect,Ed Sheeran,pop,Joyful,,,,
Bad At Love,Halsey,dance pop,Nostalgia,,,,
Him & I (with Halsey),G-Eazy,hip hop,Joyful,,,,
Friends (with BloodPop?,Justin Bieber,pop,Nostalgia,,,,
Wild Thoughts (feat. Rihanna & Bryson Tiller),DJ Khaled,dance pop,Joyful,,,,
Youth,Troye Sivan,pop,Nostalgia,,,,
Love Myself ,Hailee Steinfeld,dance pop,Overcoming Fear,,,,
Sick Boy,The Chainsmokers,electropop,Rage,,,,
Nights Like This (ft. Ty Dolla $ign),Kehlani,r&b,Nostalgia,,,,
Look What You Made Me Do,Taylor Swift,pop,Rage,,,,
Youth (feat. Khalid),Shawn Mendes,pop,Nostalgia,,,,
Bad Liar,Selena Gomez,dance pop,Rage,,,,
Anywhere,Rita Ora,dance pop,Chill,,,,
Rock Your Body,Justin Timberlake,dance pop,Joyful,,,,
Chun-Li,Nicki Minaj,dance pop,Joyful,,,,
Sign of the Times,Harry Styles,dance pop,Nostalgia,,,,
Familiar,Liam Payne,dance pop,Joyful,,,,
Let Me,ZAYN,dance pop,Chill,,,,
Baby,Charli XCX,dance pop,Joyful,,,,
Nervous,Shawn Mendes,pop,Overcoming Fear,,,,
First Time,Kygo,electropop,Nostalgia,,,,
End Game,Taylor Swift,pop,Optimism,,,,
Mi Gente (feat. Beyoncé),J Balvin,latin:reggaeton,Joyful,,,,
Lemon,N.E.R.D,hip hop,Joyful,,,,
For You (With Rita Ora),Liam Payne,dance pop,Euforia,,,,
Don't Start Now,Dua Lipa,dance pop,Rage,,,,
What I Need (feat. Kehlani),Hayley Kiyoko,dance pop,Joyful,,,,
Sunday Morning ,Maroon 5,pop,Chill,,,,
What About Us,P!nk,dance pop,Nostalgia,,,,
The Greatest Show,The Greatest Showman,musical,Euforia,,,,
2U (feat. Justin Bieber),David Guetta,dance pop,Nostalgia,,,,
Lose Yourself,Eminem,hip hop,Euforia,,,,
This Town,Niall Horan,pop,Nostalgia,,,,
"Girls (feat. Cardi B, Bebe Rexha & Charli XCX)",Rita Ora,dance pop,Joyful,,,,
MOVE TO MIAMI,Enrique Iglesias,dance pop,Joyful,,,,
Formation,Beyoncé,r&b,Rage,,,,
SexyBack (feat. Timbaland),Justin Timberlake,dance pop,Joyful,,,,
Never Be the Same - Radio Edit,Camila Cabello,dance pop,Defeat,,,,
Say My Name,Destiny's Child,r&b,Chill,,,,
Supplies,Justin Timberlake,dance pop,Joyful,,,,
Hey Ya!,Outkast,pop,Joyful,,,,
...Ready For It? - BloodPop?Remix,Taylor Swift,pop,Rage,,,,
Drip (feat. Migos),Cardi B,pop,Joyful,,,,
Tell Me You Love Me - NOTD Remix,Demi Lovato,dance pop,Rage,,,,
Memories,Maroon 5,pop,Nostalgia,,,,
Lose You To Love Me,Selena Gomez,dance pop,Nostalgia,,,,
Someone You Loved,Lewis Capaldi,pop,Nostalgia,,,,
Señorita,Shawn Mendes,pop,Joyful,,,,
How Do You Sleep?,Sam Smith,pop,Defeat,,,,
South of the Border (feat. Camila Cabello & Cardi B),Ed Sheeran,pop,Joyful,,,,
Trampoline (with ZAYN),SHAED,electropop,Joyful,,,,
Happier,Marshmello,dance pop,Optimism,,,,
Truth Hurts,Lizzo,pop,Joyful,,,,
Good as Hell (feat. Ariana Grande) - Remix,Lizzo,pop,Joyful,,,,
Higher Love,Kygo,electropop,Optimism,,,,
Only Human,Jonas Brothers,pop,Joyful,,,,
Beautiful People (feat. Khalid),Ed Sheeran,pop,Joyful,,,,
Sucker,Jonas Brothers,pop,Joyful,,,,
Don't Call Me Up,Mabel,dance pop,Rage,,,,
I Don't Care (with Justin Bieber),Ed Sheeran,pop,Optimism,,,,
Talk (feat. Disclosure),Khalid,alternative r&b,Joyful,,,,
Giant (with Rag'n'Bone Man),Calvin Harris,dance pop,Joyful,,,,
Takeaway,The Chainsmokers,electropop,Joyful,,,,
All Around The World (La La La),R3HAB,electro house,Joyful,,,,
Girls Like You (feat. Cardi B),Maroon 5,pop,Joyful,,,,
Call You Mine,The Chainsmokers,electropop,Joyful,,,,
No Guidance (feat. Drake),Chris Brown,dance pop,Joyful,,,,
Antisocial (with Travis Scott),Ed Sheeran,pop,Optimism,,,,
"Taki Taki (feat. Selena Gomez, Ozuna & Cardi B)",DJ Snake,electronic trap,Joyful,,,,
Con Calma - Remix,Daddy Yankee,latin:reggaeton,Joyful,,,,
Find U Again (feat. Camila Cabello),Mark Ronson,dance pop,Optimism,,,,
Cross Me (feat. Chance the Rapper & PnB Rock),Ed Sheeran,pop,Rage,,,,
"No Brainer (feat. Justin Bieber, Chance the Rapper & Quavo)",DJ Khaled,dance pop,Joyful,,,,
Nothing Breaks Like a Heart (feat. Miley Cyrus),Mark Ronson,dance pop,Defeat,,,,
Kills You Slowly,The Chainsmokers,electropop,Defeat,,,,
Play Ball,AC/DC,rock,Optimism,,,,
Turn The Page,Metallica,rock,Nostalgia,,,,
Rake,Ghostemane,hip hop,Joyful,,,,
End of the Beginning,Black Sabbath,rock,Defeat,,,,
Fury Unleashed,Kill Dyll,hip hop,Rage,,,,
Ella Baila Sola,Eslabon Armado ,regional mexicano,Optimism,,,,
Feel,Robbie Williams,pop,Optimism,,,,
Not my job anymore,Thomas Day,pop rock,Nostalgia,,,,
Perm,Bruno Mars,pop,Joyful,,,,
Persiana Americana,Soda Estereo ,rock,Defeat,,,,
Maquiavelico,Canserbero,latin:urban:rap,Rage,,,,
New rules,Dua Lipa,pop,Overcoming Fear,,,,
Thunder,Imagine Dragons,pop rock,Overcoming Fear,,,,
405 Anthem,Mqx,hardstyle,Euforia,,,,
Ride,Twenty One Pilots,rock,Overcoming Fear,,,,
Helena,My Chemical Romance,rock,Defeat,,,,
Plastic Soldiers,Portugal The Man,alternative,Rage,,,,
The Less I Know the Better,Tame Impala,alternative,Defeat,,,,
Feel Good Inc.,Gorillaz,hip hop,Joyful,,,,
Treat you better ,Shawn Mendes,pop,Nostalgia,,,,
Memories,Conan Gray,pop,Nostalgia,,,,
Feather,Sabrina Carpenter,pop,Optimism,,,,
Besos en Guerra,Morat,pop,Nostalgia,,,,
Vas a quedarte ,Aitana,pop,Nostalgia,,,,
Swing,Danny Ocean,latin:urban,Chill,,,,
Physical,Dua Lipa,pop,Euforia,,,,
Worldwide,Big Time Rush,pop,Nostalgia,,,,
Creo en Ti,Reik,ballad,Optimism,,,,
White Iverson ,Post Malone,hip hop,Optimism,,,,
Reyna de pikas,Rels B,latin:urban:rap,Nostalgia,,,,
Enseñame a Bailar,Bad Bunny,latin:urban,Joyful,,,,
ALMA DINAMITA,WOS,hip hop,Nostalgia,,,,
Kemba Walker,Eladio Carrion,latin:urban:dembow,Joyful,,,,
Colocao,Nicki Nicole,latin:urban:argentinian trap,Chill,,,,
Congratulations (ft. Bilal),Mac Miller,hip hop,Joyful,,,,
King Kunta,Kendrick Lamar,hip hop,Joyful,,,,
California Love,Tupac,hip hop,Joyful,,,,
Big Poppa,The Notorious B.I.G.,hip hop,Joyful,,,,
GIVENCHY,Duki,trap,Joyful,,,,
Ya no somos ni seremos ,Christian Nodal,regional mexicano,Nostalgia,,,,
Si Te Pudiera Mentir,Calibre 50,regional mexicano,Overcoming Fear,,,,
SIDE,Dillom,latin:urban:argentinian trap,Rage,,,,
Bohemian Rhapsody ,Queen,rock,Nostalgia,,,,
Let it Be,The Beatles,soft rock:rock:pop,Chill,,,,
Chop Suey,System of a Down,rock,Rage,,,,
Ferxxo 100,Feid,latin:urban:reggaeton,Nostalgia,,,,
All Too Well,Taylor Swift,pop,Nostalgia,,,,
When I Was Your Man,Bruno Mars,pop,Nostalgia,,,,
Es Epico,Canserbero,rap,Rage,,,,
Swing,Danny Ocean,pop,Joyful,,,,
Live in the moment,Portugal The Man,electropop,Joyful,,,,
Nonsense,Sabrina Carpenter,pop,Joyful,,,,
In the Air Tonight,Phill Collins,pop,Rage,,,,
No Idea,Big Time Rush,pop,Nostalgia,,,,
I Wanna Be Sedated,Ramones,rock,Defeat,,,,
Not Giving You Up,Big Time Rush,pop,Joyful,,,,
Marisola,Cris MJ,reggaeton,Optimism,,,,
2009,Mac Miller,hip hop,Nostalgia,,,,
What's the Use,Mac Miller,hip hop,Chill,,,,
COACH,Dillom,latin:urban:argentinian trap,Rage,,,,
